city,image
Las Vegas,https://github.com/ShXIE-28/Kartemap/blob/main/Layouts/Las%20Vegas.jpg?raw=true
Los Angeles,https://github.com/ShXIE-28/Kartemap/blob/main/Layouts/Los%20Angeles.jpg?raw=true
Boston,https://github.com/ShXIE-28/Kartemap/blob/main/Layouts/Boston.jpg?raw=true
Washington,https://github.com/ShXIE-28/Kartemap/blob/main/Layouts/Washington.jpg?raw=true
Denver,https://github.com/ShXIE-28/Kartemap/blob/main/Layouts/Denver.jpg?raw=true
New York,https://github.com/ShXIE-28/Kartemap/blob/main/Layouts/New%20York.jpg?raw=true
Miami,https://github.com/ShXIE-28/Kartemap/blob/main/Layouts/Miami.jpg?raw=true
Minneapolis,https://github.com/ShXIE-28/Kartemap/blob/main/Layouts/Minneapolis.jpg?raw=true
Chicago,https://github.com/ShXIE-28/Kartemap/blob/main/Layouts/Chicago.jpg?raw=true
Seattle,https://github.com/ShXIE-28/Kartemap/blob/main/Layouts/Seattle.jpg?raw=true
San Francisco,https://github.com/ShXIE-28/Kartemap/blob/main/Layouts/San%20Francisco.jpg?raw=true
Dallas,https://github.com/ShXIE-28/Kartemap/blob/main/Layouts/Dallas.jpg?raw=true
